{"cameraMode":{"drawMode":0,"name":"Shaded","section":"Shading Mode"},"sceneLighting":true,"audioPlay":false,"sceneViewState":{"showFog":true,"showMaterialUpdate":false,"showSkybox":true,"showFlares":true,"showImageEffects":true,"showParticleSystems":true},"in2DMode":false,"pivot":{"x":-0.0393047109246254,"y":1.4540128707885743,"z":-9.726367950439454},"rotation":{"x":-0.23822999000549317,"y":-0.09828383475542069,"z":0.02424025721848011,"w":-0.9659188389778137},"size":22.0,"orthographic":false}